;Date;t
0;2021-03-21T23:00:48Z;1.6831666666666665
1;2021-03-21T22:00:48Z;1.7633333333333339
2;2021-03-21T21:00:48Z;1.9323333333333328
3;2021-03-21T20:00:48Z;1.9871666666666659
4;2021-03-21T19:00:46Z;1.981833333333333
5;2021-03-21T18:00:46Z;1.994
6;2021-03-21T17:00:46Z;2.3085000000000004
7;2021-03-21T16:00:44Z;3.170833333333334
8;2021-03-21T15:00:44Z;4.072833333333333
9;2021-03-21T14:00:44Z;4.227666666666667
10;2021-03-21T13:00:44Z;3.607333333333332
11;2021-03-21T12:00:44Z;3.2008333333333323
12;2021-03-21T11:00:44Z;2.797666666666667
13;2021-03-21T10:00:38Z;2.4845
14;2021-03-21T09:00:38Z;2.543666666666666
15;2021-03-21T08:00:38Z;2.0205
16;2021-03-21T07:00:38Z;0.9138333333333338
17;2021-03-21T06:00:38Z;-0.11616666666666661
18;2021-03-21T05:00:38Z;-0.6025000000000007
19;2021-03-21T04:00:38Z;-0.5213333333333333
20;2021-03-21T03:01:38Z;0.19847457627118645
21;2021-03-21T02:00:54Z;-0.5861666666666671
22;2021-03-21T01:00:54Z;-0.466
23;2021-03-21T00:00:54Z;-0.3841666666666666
24;2021-03-20T23:00:54Z;-0.5155000000000001
25;2021-03-20T22:00:54Z;-0.5293333333333334
26;2021-03-20T21:00:50Z;-0.3141666666666666
27;2021-03-20T20:00:50Z;-0.24100000000000005
28;2021-03-20T19:00:50Z;0.04016666666666669
29;2021-03-20T18:00:50Z;0.02900000000000002
30;2021-03-20T17:00:50Z;0.5548333333333334
31;2021-03-20T16:00:50Z;1.8266666666666667
32;2021-03-20T15:00:50Z;1.9759999999999993
33;2021-03-20T14:00:48Z;1.548833333333333
34;2021-03-20T13:00:48Z;1.3101666666666665
35;2021-03-20T12:00:48Z;1.1763333333333335
36;2021-03-20T11:00:48Z;2.314833333333333
37;2021-03-20T10:00:48Z;1.7778333333333334
38;2021-03-20T09:00:48Z;-0.3941666666666666
39;2021-03-20T08:00:48Z;-1.3645
40;2021-03-20T07:00:48Z;-1.833166666666667
41;2021-03-20T06:00:48Z;-2.3971666666666662
42;2021-03-20T05:00:48Z;-3.063666666666666
43;2021-03-20T04:00:48Z;-3.113666666666667
44;2021-03-20T03:00:48Z;-2.948833333333335
45;2021-03-20T02:00:48Z;-2.5715
46;2021-03-20T01:00:48Z;-1.945666666666667
47;2021-03-20T00:00:48Z;-1.4198333333333333
48;2021-03-19T23:00:48Z;-1.1096666666666668
49;2021-03-19T22:00:48Z;-0.959833333333333
50;2021-03-19T21:00:48Z;-0.8006666666666667
51;2021-03-19T20:00:48Z;-0.9348333333333333
52;2021-03-19T19:00:48Z;-0.7075
53;2021-03-19T18:00:48Z;-0.8375000000000002
54;2021-03-19T17:00:48Z;-0.5475000000000002
55;2021-03-19T16:00:48Z;-0.45383333333333326
56;2021-03-19T15:00:48Z;0.4158333333333334
57;2021-03-19T14:00:48Z;4.012666666666666
58;2021-03-19T13:00:48Z;4.108833333333332
59;2021-03-19T12:00:48Z;4.540508474576272
60;2021-03-19T11:00:48Z;4.6339999999999995
61;2021-03-19T10:00:48Z;2.883333333333333
62;2021-03-19T09:00:48Z;1.8831666666666662
63;2021-03-19T08:00:48Z;0.30799999999999994
64;2021-03-19T07:00:48Z;-1.3038333333333338
65;2021-03-19T06:00:48Z;-2.518166666666666
66;2021-03-19T05:00:48Z;-3.2558333333333347
67;2021-03-19T04:00:48Z;-2.768833333333334
68;2021-03-19T03:00:48Z;-2.278666666666667
69;2021-03-19T02:00:48Z;-1.5695000000000001
70;2021-03-19T01:00:48Z;-1.0285000000000002
71;2021-03-19T00:00:48Z;-0.9721666666666662
72;2021-03-18T23:00:48Z;-1.35
73;2021-03-18T22:00:48Z;-1.4794999999999996
74;2021-03-18T21:00:48Z;-1.476833333333333
75;2021-03-18T20:00:48Z;-1.1506666666666667
76;2021-03-18T19:00:48Z;-0.6841666666666664
77;2021-03-18T18:00:48Z;0.2591666666666666
78;2021-03-18T17:00:48Z;1.5549999999999997
79;2021-03-18T16:00:48Z;2.1519999999999997
80;2021-03-18T15:00:48Z;2.758333333333334
81;2021-03-18T14:00:48Z;4.049500000000001
82;2021-03-18T13:00:48Z;4.250166666666667
83;2021-03-18T12:00:48Z;4.4383333333333335
84;2021-03-18T11:00:48Z;3.456833333333333
85;2021-03-18T10:00:48Z;2.074666666666667
86;2021-03-18T09:00:48Z;1.6356666666666668
87;2021-03-18T08:00:48Z;1.3493333333333342
88;2021-03-18T07:00:48Z;0.8143333333333336
89;2021-03-18T06:00:48Z;-0.1836666666666666
90;2021-03-18T05:00:48Z;-0.6718333333333335
91;2021-03-18T04:00:48Z;-0.6145000000000007
92;2021-03-18T03:00:48Z;-0.6300000000000004
93;2021-03-18T02:00:48Z;-0.38216666666666654
94;2021-03-18T01:00:48Z;-0.2716666666666666
95;2021-03-18T00:00:48Z;-0.20100000000000007
96;2021-03-17T23:00:48Z;-0.18566666666666667
97;2021-03-17T22:00:48Z;-0.3371666666666667
98;2021-03-17T21:00:48Z;-0.39233333333333353
99;2021-03-17T20:00:48Z;-0.059500000000000004
100;2021-03-17T19:00:48Z;-0.17900000000000002
101;2021-03-17T18:00:48Z;-0.6695000000000001
102;2021-03-17T17:00:48Z;-0.5796666666666667
103;2021-03-17T16:00:48Z;3.507666666666667
104;2021-03-17T15:00:48Z;4.317333333333335
105;2021-03-17T14:00:48Z;4.806666666666667
106;2021-03-17T13:00:48Z;4.635333333333334
107;2021-03-17T12:00:48Z;3.5345
108;2021-03-17T11:00:48Z;2.1086666666666662
109;2021-03-17T10:00:48Z;4.194166666666666
110;2021-03-17T09:00:48Z;3.907166666666668
111;2021-03-17T08:00:48Z;2.3901666666666657
112;2021-03-17T07:00:48Z;1.3508333333333333
113;2021-03-17T06:00:48Z;0.2151666666666667
114;2021-03-17T05:00:48Z;0.4549999999999999
115;2021-03-17T04:00:48Z;0.8683333333333335
116;2021-03-17T03:00:48Z;0.9704999999999995
117;2021-03-17T02:00:48Z;1.0629999999999997
118;2021-03-17T01:00:48Z;1.108666666666667
119;2021-03-17T00:00:48Z;1.1433333333333335
120;2021-03-16T23:00:48Z;1.2926666666666675
121;2021-03-16T22:00:48Z;1.4156666666666657
122;2021-03-16T21:00:48Z;1.6486666666666663
123;2021-03-16T20:00:48Z;1.7441666666666669
124;2021-03-16T19:00:48Z;1.834500000000001
125;2021-03-16T18:00:48Z;2.122833333333333
126;2021-03-16T17:00:48Z;2.353999999999999
127;2021-03-16T16:00:48Z;3.199833333333336
128;2021-03-16T15:00:48Z;4.1795
129;2021-03-16T14:00:48Z;4.036833333333333
130;2021-03-16T13:00:48Z;4.457166666666665
131;2021-03-16T12:00:44Z;3.6935
132;2021-03-16T11:00:44Z;2.947333333333333
133;2021-03-16T10:00:44Z;4.224333333333332
134;2021-03-16T09:00:44Z;3.543166666666666
135;2021-03-16T08:00:44Z;2.633166666666666
136;2021-03-16T07:00:44Z;1.820999999999999
137;2021-03-16T06:00:44Z;1.4095000000000004
138;2021-03-16T05:00:44Z;1.5271666666666663
139;2021-03-16T04:00:44Z;1.7500000000000004
140;2021-03-16T03:00:44Z;2.470961538461538
141;2021-03-16T02:00:24Z;1.6833333333333338
142;2021-03-16T01:00:24Z;1.5581666666666671
143;2021-03-16T00:00:24Z;1.5360000000000003
144;2021-03-15T23:00:24Z;1.357333333333333
145;2021-03-15T22:00:24Z;1.3128333333333333
146;2021-03-15T21:00:24Z;1.9913333333333332
147;2021-03-15T20:00:24Z;1.876666666666666
148;2021-03-15T19:00:24Z;1.4214999999999998
149;2021-03-15T18:00:24Z;1.4351666666666665
150;2021-03-15T17:00:20Z;2.5569999999999995
151;2021-03-15T16:00:20Z;3.753999999999999
152;2021-03-15T15:00:20Z;4.072666666666665
153;2021-03-15T14:00:20Z;4.803666666666667
154;2021-03-15T13:00:20Z;5.975666666666669
155;2021-03-15T12:00:20Z;4.800833333333334
156;2021-03-15T11:00:20Z;3.8314999999999984
157;2021-03-15T10:00:20Z;2.496333333333334
158;2021-03-15T09:00:20Z;2.6723333333333343
159;2021-03-15T08:00:20Z;2.1268333333333334
160;2021-03-15T07:00:20Z;1.3608333333333336
161;2021-03-15T06:00:20Z;1.3081355932203393
162;2021-03-15T05:00:20Z;1.4901666666666666
163;2021-03-15T04:00:20Z;1.6163333333333332
164;2021-03-15T03:00:20Z;1.7189999999999996
165;2021-03-15T02:00:20Z;1.6053333333333335
166;2021-03-15T01:00:20Z;1.6090000000000004
167;2021-03-15T00:00:20Z;1.5951666666666673
168;2021-03-14T23:00:20Z;1.6381666666666665
169;2021-03-14T22:00:20Z;1.5256666666666663
170;2021-03-14T21:00:20Z;2.3683333333333323
171;2021-03-14T20:00:20Z;2.1305
172;2021-03-14T19:00:20Z;2.095
173;2021-03-14T18:00:20Z;1.884499999999999
174;2021-03-14T17:00:15Z;2.513
175;2021-03-14T16:00:15Z;3.3731666666666675
176;2021-03-14T15:00:15Z;3.8393333333333337
177;2021-03-14T14:00:15Z;2.893999999999999
178;2021-03-14T13:00:15Z;3.731166666666668
179;2021-03-14T12:00:15Z;5.496999999999999
180;2021-03-14T11:00:15Z;4.249833333333332
181;2021-03-14T10:00:15Z;3.675333333333333
182;2021-03-14T09:00:15Z;2.340666666666668
183;2021-03-14T08:00:15Z;1.7701666666666669
184;2021-03-14T07:00:15Z;0.7869999999999996
185;2021-03-14T06:00:15Z;0.8409999999999999
186;2021-03-14T05:00:15Z;0.7349999999999999
187;2021-03-14T04:00:15Z;1.0123333333333333
188;2021-03-14T03:01:15Z;2.092372881355932
189;2021-03-14T02:00:27Z;1.1766666666666663
190;2021-03-14T01:00:27Z;1.162
191;2021-03-14T00:00:27Z;1.6473333333333333
192;2021-03-13T23:00:27Z;3.2009999999999996
193;2021-03-13T22:00:27Z;3.8988333333333336
194;2021-03-13T21:00:27Z;3.9081666666666663
195;2021-03-13T20:00:27Z;3.837666666666669
196;2021-03-13T19:00:27Z;3.431500000000001
197;2021-03-13T18:00:27Z;2.9145000000000008
198;2021-03-13T17:00:27Z;3.9601666666666646
199;2021-03-13T16:00:27Z;6.397666666666666
200;2021-03-13T15:00:27Z;9.314833333333334
201;2021-03-13T14:00:27Z;10.310500000000003
202;2021-03-13T13:00:27Z;10.844000000000001
203;2021-03-13T12:00:27Z;11.306166666666666
204;2021-03-13T11:00:27Z;11.363499999999995
205;2021-03-13T10:00:27Z;10.55694915254237
206;2021-03-13T09:00:27Z;9.139999999999999
207;2021-03-13T08:00:27Z;7.728166666666668
208;2021-03-13T07:00:27Z;6.4588333333333345
209;2021-03-13T06:00:27Z;4.952166666666668
210;2021-03-13T05:00:27Z;4.6819999999999995
211;2021-03-13T04:00:27Z;4.632333333333333
212;2021-03-13T03:00:27Z;4.605666666666669
213;2021-03-13T02:00:27Z;4.416500000000001
214;2021-03-13T01:00:27Z;4.393833333333332
215;2021-03-13T00:00:27Z;5.4396666666666675
216;2021-03-12T23:00:27Z;5.813833333333332
217;2021-03-12T22:00:27Z;5.843500000000001
218;2021-03-12T21:00:27Z;5.589666666666667
219;2021-03-12T20:00:27Z;5.7461666666666655
220;2021-03-12T19:00:27Z;5.994333333333335
221;2021-03-12T18:00:27Z;6.117000000000001
222;2021-03-12T17:00:27Z;6.800833333333334
223;2021-03-12T16:00:27Z;8.133333333333333
224;2021-03-12T15:00:27Z;9.098833333333339
225;2021-03-12T14:00:27Z;9.052333333333335
226;2021-03-12T13:00:27Z;8.919
227;2021-03-12T12:00:27Z;8.362333333333332
228;2021-03-12T11:00:27Z;7.641833333333332
229;2021-03-12T10:00:27Z;6.519499999999999
230;2021-03-12T09:00:27Z;5.50033898305085
231;2021-03-12T08:00:27Z;4.816666666666665
232;2021-03-12T07:00:27Z;3.9028333333333327
233;2021-03-12T06:00:27Z;3.546
234;2021-03-12T05:00:27Z;3.8218333333333336
235;2021-03-12T04:00:27Z;4.233999999999999
236;2021-03-12T03:00:27Z;4.684333333333336
237;2021-03-12T02:00:27Z;4.999666666666665
238;2021-03-12T01:00:27Z;5.247500000000001
239;2021-03-12T00:00:27Z;6.054666666666667
240;2021-03-11T23:00:27Z;6.547499999999998
241;2021-03-11T22:00:27Z;6.5163333333333355
242;2021-03-11T21:00:27Z;6.148000000000001
243;2021-03-11T20:00:27Z;6.948333333333332
244;2021-03-11T19:00:27Z;7.1018333333333326
245;2021-03-11T18:00:27Z;6.9086666666666705
246;2021-03-11T17:00:27Z;8.1385
247;2021-03-11T16:00:26Z;10.163666666666668
248;2021-03-11T15:00:26Z;11.270500000000004
249;2021-03-11T14:00:26Z;12.588166666666664
250;2021-03-11T13:00:26Z;13.185500000000001
251;2021-03-11T12:00:26Z;13.701166666666666
252;2021-03-11T11:00:26Z;14.042666666666662
253;2021-03-11T10:00:26Z;12.618499999999992
254;2021-03-11T09:00:26Z;11.046500000000009
255;2021-03-11T08:00:26Z;8.509333333333336
256;2021-03-11T07:00:26Z;7.192999999999999
257;2021-03-11T06:00:26Z;6.3725
258;2021-03-11T05:00:26Z;6.6845
259;2021-03-11T04:00:26Z;6.249833333333332
260;2021-03-11T03:00:26Z;5.318333333333332
261;2021-03-11T02:00:26Z;4.427499999999999
262;2021-03-11T01:00:26Z;4.007833333333334
263;2021-03-11T00:00:26Z;3.8833333333333333
264;2021-03-10T23:00:26Z;3.8565
265;2021-03-10T22:00:26Z;3.7483333333333344
266;2021-03-10T21:00:26Z;3.304166666666667
267;2021-03-10T20:00:26Z;3.4399999999999995
268;2021-03-10T19:00:26Z;3.895833333333334
269;2021-03-10T18:00:26Z;4.2035
270;2021-03-10T17:00:26Z;4.698499999999998
271;2021-03-10T16:00:26Z;5.841666666666666
272;2021-03-10T15:00:26Z;6.644833333333333
273;2021-03-10T14:00:26Z;7.620166666666664
274;2021-03-10T13:00:26Z;7.5440000000000005
275;2021-03-10T12:00:26Z;7.364333333333331
276;2021-03-10T11:00:26Z;7.664500000000002
277;2021-03-10T10:00:26Z;6.451166666666667
278;2021-03-10T09:00:26Z;5.4030000000000005
279;2021-03-10T08:00:26Z;4.220000000000001
280;2021-03-10T07:00:26Z;3.0503333333333336
281;2021-03-10T06:00:26Z;1.9513333333333331
282;2021-03-10T05:00:26Z;1.8178333333333316
283;2021-03-10T04:00:26Z;1.8761666666666672
284;2021-03-10T03:00:26Z;1.6885000000000003
285;2021-03-10T02:00:23Z;2.017
286;2021-03-10T01:00:23Z;2.018999999999999
287;2021-03-10T00:00:23Z;2.3366666666666664
288;2021-03-09T23:00:23Z;2.7756666666666665
289;2021-03-09T22:00:23Z;3.3265000000000007
290;2021-03-09T21:00:23Z;3.6015000000000006
291;2021-03-09T20:00:23Z;3.54933333333333
292;2021-03-09T19:00:23Z;3.5958333333333328
293;2021-03-09T18:00:23Z;3.777966101694917
294;2021-03-09T17:00:23Z;3.999500000000002
295;2021-03-09T16:00:23Z;5.366666666666665
296;2021-03-09T15:00:23Z;6.32491525423729
297;2021-03-09T14:00:23Z;6.144
298;2021-03-09T13:00:23Z;5.747333333333331
299;2021-03-09T12:00:23Z;5.185499999999999
300;2021-03-09T11:00:23Z;4.079166666666667
301;2021-03-09T10:00:23Z;3.1508333333333343
302;2021-03-09T09:00:23Z;1.688
303;2021-03-09T08:00:23Z;0.13850000000000004
304;2021-03-09T07:00:23Z;-1.0435
305;2021-03-09T06:00:23Z;-2.6515
306;2021-03-09T05:00:23Z;-3.0201666666666673
307;2021-03-09T04:00:23Z;-2.9224999999999977
308;2021-03-09T03:00:23Z;-2.5888333333333327
309;2021-03-09T02:00:21Z;-2.1914999999999996
310;2021-03-09T01:00:21Z;-1.8724999999999994
311;2021-03-09T00:00:21Z;-1.4251666666666667
312;2021-03-08T23:00:21Z;-0.5786666666666667
313;2021-03-08T22:00:21Z;0.827833333333333
314;2021-03-08T21:00:21Z;1.6895000000000004
315;2021-03-08T20:00:21Z;2.2269491525423737
316;2021-03-08T19:00:21Z;2.7936666666666667
317;2021-03-08T18:00:21Z;3.584
318;2021-03-08T17:00:21Z;4.550666666666666
319;2021-03-08T16:00:21Z;5.612666666666667
320;2021-03-08T15:00:21Z;6.0338333333333365
321;2021-03-08T14:00:21Z;5.973333333333334
322;2021-03-08T13:00:21Z;5.658499999999998
323;2021-03-08T12:00:21Z;5.090999999999999
324;2021-03-08T11:00:21Z;4.426833333333332
325;2021-03-08T10:00:21Z;3.799666666666667
326;2021-03-08T09:00:21Z;2.747833333333334
327;2021-03-08T08:00:21Z;1.8673333333333324
328;2021-03-08T07:00:21Z;1.0740000000000003
329;2021-03-08T06:00:21Z;-0.00850000000000004
330;2021-03-08T05:00:21Z;-0.15283333333333332
331;2021-03-08T04:00:21Z;0.4444999999999999
332;2021-03-08T03:01:21Z;2.1886440677966097
333;2021-03-08T02:00:34Z;2.092999999999999
334;2021-03-08T01:00:34Z;2.2505000000000006
335;2021-03-08T00:00:34Z;2.1403333333333325
336;2021-03-07T23:00:34Z;2.3416666666666672
337;2021-03-07T22:00:34Z;2.720166666666667
338;2021-03-07T21:00:34Z;2.905833333333331
339;2021-03-07T20:00:34Z;2.935666666666665
340;2021-03-07T19:00:34Z;3.0751666666666666
341;2021-03-07T18:00:34Z;3.048333333333335
342;2021-03-07T17:00:34Z;3.397000000000001
343;2021-03-07T16:00:34Z;4.120999999999999
344;2021-03-07T15:00:34Z;4.3290000000000015
345;2021-03-07T14:00:34Z;4.799166666666663
346;2021-03-07T13:00:34Z;5.447666666666666
347;2021-03-07T12:00:34Z;5.528833333333334
348;2021-03-07T11:00:34Z;4.878833333333332
349;2021-03-07T10:00:34Z;2.747499999999999
350;2021-03-07T09:00:34Z;1.8706666666666678
351;2021-03-07T08:00:34Z;1.0578333333333334
352;2021-03-07T07:00:34Z;-0.49666666666666665
353;2021-03-07T06:00:34Z;-1.3808333333333342
354;2021-03-07T05:00:34Z;-1.6035000000000004
355;2021-03-07T04:00:34Z;-1.5073333333333336
356;2021-03-07T03:00:34Z;-1.7039999999999997
357;2021-03-07T02:00:34Z;-2.236166666666667
358;2021-03-07T01:00:34Z;-2.149333333333332
359;2021-03-07T00:00:34Z;-1.932333333333334
360;2021-03-06T23:00:34Z;-1.5136666666666672
361;2021-03-06T22:00:34Z;-1.0228333333333335
362;2021-03-06T21:00:34Z;0.06683333333333334
363;2021-03-06T20:00:34Z;0.7758333333333336
364;2021-03-06T19:00:34Z;1.4289999999999996
365;2021-03-06T18:00:34Z;2.289499999999999
366;2021-03-06T17:00:34Z;3.3474999999999997
367;2021-03-06T16:00:34Z;4.381833333333332
368;2021-03-06T15:00:34Z;4.6815
369;2021-03-06T14:00:34Z;4.534999999999999
370;2021-03-06T13:00:34Z;4.199000000000001
371;2021-03-06T12:00:34Z;3.422166666666667
372;2021-03-06T11:00:34Z;2.0791666666666666
373;2021-03-06T10:00:34Z;1.9138333333333328
374;2021-03-06T09:00:34Z;1.1003333333333332
375;2021-03-06T08:00:34Z;-0.6483333333333337
376;2021-03-06T07:00:34Z;-1.9893333333333338
377;2021-03-06T06:00:34Z;-2.1835
378;2021-03-06T05:00:34Z;-2.052
379;2021-03-06T04:00:34Z;-1.6266666666666663
380;2021-03-06T03:00:34Z;-1.1551666666666667
381;2021-03-06T02:00:34Z;-0.5826666666666668
382;2021-03-06T01:00:34Z;-0.25900000000000006
383;2021-03-06T00:00:34Z;0.0405
384;2021-03-05T23:00:34Z;0.34716666666666673
385;2021-03-05T22:00:34Z;0.5506666666666669
386;2021-03-05T21:00:34Z;0.9966666666666664
387;2021-03-05T20:00:34Z;1.452333333333333
388;2021-03-05T19:00:34Z;2.112999999999999
389;2021-03-05T18:00:34Z;2.4260000000000006
390;2021-03-05T17:00:34Z;2.554333333333333
391;2021-03-05T16:00:34Z;2.8353333333333333
392;2021-03-05T15:00:34Z;3.4168333333333343
393;2021-03-05T14:00:34Z;3.847499999999999
394;2021-03-05T13:00:34Z;4.297500000000002
395;2021-03-05T12:00:34Z;3.3705
396;2021-03-05T11:00:34Z;3.2784745762711855
397;2021-03-05T10:00:34Z;3.021833333333334
398;2021-03-05T09:00:34Z;3.447999999999999
399;2021-03-05T08:00:34Z;3.887833333333332
400;2021-03-05T07:00:34Z;3.929
401;2021-03-05T06:00:34Z;3.806333333333336
402;2021-03-05T05:00:34Z;3.9474999999999993
403;2021-03-05T04:00:34Z;4.0826666666666656
404;2021-03-05T03:00:34Z;4.005333333333334
405;2021-03-05T02:00:34Z;3.920333333333334
406;2021-03-05T01:00:34Z;3.8773333333333317
407;2021-03-05T00:00:34Z;3.873000000000003
408;2021-03-04T23:00:34Z;4.509833333333335
409;2021-03-04T22:00:34Z;4.810166666666663
410;2021-03-04T21:00:34Z;4.8255000000000035
411;2021-03-04T20:00:34Z;4.945166666666669
412;2021-03-04T19:00:34Z;5.473666666666669
413;2021-03-04T18:00:34Z;7.382666666666667
414;2021-03-04T17:00:34Z;8.892666666666667
415;2021-03-04T16:00:34Z;9.952
416;2021-03-04T15:00:34Z;10.99916666666667
417;2021-03-04T14:00:34Z;11.49933333333333
418;2021-03-04T13:00:34Z;11.197499999999998
419;2021-03-04T12:00:34Z;10.566166666666664
420;2021-03-04T11:00:34Z;8.476833333333333
421;2021-03-04T10:00:34Z;5.843333333333331
422;2021-03-04T09:00:34Z;4.995
423;2021-03-04T08:00:34Z;4.107166666666666
424;2021-03-04T07:00:33Z;3.116166666666668
425;2021-03-04T06:00:33Z;2.2908333333333335
426;2021-03-04T05:00:33Z;2.250666666666667
427;2021-03-04T04:00:33Z;2.160333333333333
428;2021-03-04T03:00:33Z;1.9600000000000002
429;2021-03-04T02:00:33Z;1.7749999999999997
430;2021-03-04T01:00:33Z;1.8285000000000007
431;2021-03-04T00:00:33Z;1.8231666666666653
432;2021-03-03T23:00:33Z;1.927666666666666
433;2021-03-03T22:00:33Z;2.012000000000001
434;2021-03-03T21:00:33Z;2.0614999999999983
435;2021-03-03T20:00:33Z;2.4660000000000006
436;2021-03-03T19:00:33Z;2.850499999999999
437;2021-03-03T18:00:33Z;3.4588333333333336
438;2021-03-03T17:00:33Z;3.9363333333333332
439;2021-03-03T16:00:33Z;4.889
440;2021-03-03T15:00:33Z;6.050333333333332
441;2021-03-03T14:00:33Z;6.9798333333333344
442;2021-03-03T13:00:33Z;7.291499999999998
443;2021-03-03T12:00:33Z;6.906666666666668
444;2021-03-03T11:00:33Z;6.2881666666666645
445;2021-03-03T10:00:33Z;5.067666666666667
446;2021-03-03T09:00:33Z;3.4640000000000017
447;2021-03-03T08:00:33Z;2.0068333333333332
448;2021-03-03T07:00:33Z;0.52
449;2021-03-03T06:00:33Z;-0.22066666666666662
450;2021-03-03T05:00:33Z;-0.27666666666666667
451;2021-03-03T04:00:33Z;-0.21833333333333335
452;2021-03-03T03:00:33Z;-0.1918333333333334
453;2021-03-03T02:00:33Z;0.08983333333333338
454;2021-03-03T01:00:33Z;0.03433333333333335
455;2021-03-03T00:00:33Z;0.0783333333333333
456;2021-03-02T23:00:33Z;0.4358333333333332
457;2021-03-02T22:00:33Z;0.8193333333333331
458;2021-03-02T21:00:33Z;1.249666666666667
459;2021-03-02T20:00:33Z;1.864333333333333
460;2021-03-02T19:00:33Z;2.844833333333334
461;2021-03-02T18:00:33Z;4.042833333333332
462;2021-03-02T17:00:33Z;5.912666666666668
463;2021-03-02T16:00:33Z;7.250333333333332
464;2021-03-02T15:00:33Z;7.223500000000001
465;2021-03-02T14:00:33Z;7.1774999999999975
466;2021-03-02T13:00:33Z;5.77883333333333
467;2021-03-02T12:00:33Z;4.7909999999999995
468;2021-03-02T11:00:33Z;3.5581666666666663
469;2021-03-02T10:00:33Z;2.1719999999999997
470;2021-03-02T09:00:33Z;0.7034999999999999
471;2021-03-02T08:00:33Z;-0.4748333333333333
472;2021-03-02T07:00:33Z;-1.393333333333334
473;2021-03-02T06:00:33Z;-2.2853333333333334
474;2021-03-02T05:00:33Z;-2.068833333333332
475;2021-03-02T04:00:33Z;-1.6601666666666663
476;2021-03-02T03:00:33Z;-0.5790000000000001
477;2021-03-02T02:00:59Z;-1.3411666666666666
478;2021-03-02T01:00:59Z;-1.0209999999999997
479;2021-03-02T00:00:59Z;-0.6875000000000001
480;2021-03-01T23:00:59Z;-0.2531666666666667
481;2021-03-01T22:00:59Z;0.30683333333333335
482;2021-03-01T21:00:59Z;0.9846666666666661
483;2021-03-01T20:00:59Z;1.739666666666666
484;2021-03-01T19:00:59Z;2.5805000000000007
485;2021-03-01T18:00:59Z;3.8513333333333333
486;2021-03-01T17:00:59Z;5.709833333333333
487;2021-03-01T16:00:59Z;7.513333333333334
488;2021-03-01T15:00:59Z;7.563833333333336
489;2021-03-01T14:00:59Z;6.820000000000002
490;2021-03-01T13:00:59Z;5.825166666666666
491;2021-03-01T12:00:59Z;4.882000000000001
492;2021-03-01T11:00:59Z;3.849166666666667
493;2021-03-01T10:00:59Z;2.3986666666666667
494;2021-03-01T09:00:59Z;1.092833333333334
495;2021-03-01T08:00:59Z;-0.2338333333333334
496;2021-03-01T07:00:59Z;-1.5129999999999995
497;2021-03-01T06:00:59Z;-2.220833333333333
498;2021-03-01T05:00:59Z;-2.129166666666667
499;2021-03-01T04:00:58Z;-1.8855000000000002
500;2021-03-01T03:00:58Z;-1.4521666666666668
501;2021-03-01T02:00:58Z;-1.1608333333333338
502;2021-03-01T01:00:58Z;-0.8248333333333331
503;2021-03-01T00:00:58Z;-0.515
504;2021-02-28T23:00:57Z;0.17833333333333332
505;2021-02-28T22:00:57Z;1.274666666666667
506;2021-02-28T21:00:57Z;2.7489999999999983
507;2021-02-28T20:00:57Z;3.097999999999999
508;2021-02-28T19:00:57Z;4.015999999999999
509;2021-02-28T18:00:57Z;4.9318333333333335
510;2021-02-28T17:00:57Z;5.796
511;2021-02-28T16:00:57Z;6.323166666666666
512;2021-02-28T15:00:56Z;6.2764999999999995
513;2021-02-28T14:00:56Z;6.004833333333337
514;2021-02-28T13:00:56Z;5.218333333333331
515;2021-02-28T12:00:56Z;4.274333333333332
516;2021-02-28T11:00:56Z;3.2370000000000005
517;2021-02-28T10:00:55Z;2.5123333333333333
518;2021-02-28T09:00:55Z;1.7698333333333331
519;2021-02-28T08:00:55Z;0.9185
520;2021-02-28T07:00:55Z;0.2146666666666667
521;2021-02-28T06:00:55Z;-0.3350000000000001
522;2021-02-28T05:00:55Z;-0.28866666666666674
523;2021-02-28T04:00:55Z;0.059833333333333336
524;2021-02-28T03:00:55Z;0.4146666666666666
525;2021-02-28T02:00:55Z;0.7448333333333336
526;2021-02-28T01:00:55Z;1.233666666666667
527;2021-02-28T00:00:55Z;1.889166666666667
528;2021-02-27T23:00:55Z;2.1981666666666655
529;2021-02-27T22:00:55Z;2.39
530;2021-02-27T21:00:55Z;2.6563333333333343
531;2021-02-27T20:00:55Z;2.8471666666666664
532;2021-02-27T19:00:55Z;3.0755
533;2021-02-27T18:00:55Z;3.475000000000001
534;2021-02-27T17:00:55Z;4.0755
535;2021-02-27T16:00:55Z;5.025500000000002
536;2021-02-27T15:00:55Z;5.881833333333335
537;2021-02-27T14:00:55Z;6.258333333333332
538;2021-02-27T13:00:55Z;5.691333333333332
539;2021-02-27T12:00:55Z;5.1211666666666655
540;2021-02-27T11:00:55Z;4.839166666666666
541;2021-02-27T10:00:55Z;4.316666666666666
542;2021-02-27T09:00:55Z;3.642666666666665
543;2021-02-27T08:00:55Z;3.305833333333333
544;2021-02-27T07:00:55Z;3.029333333333334
545;2021-02-27T06:00:55Z;3.134833333333336
546;2021-02-27T05:00:55Z;3.2290000000000005
547;2021-02-27T04:00:55Z;3.4615
548;2021-02-27T03:00:55Z;3.8031666666666673
549;2021-02-27T02:00:55Z;3.9926666666666666
550;2021-02-27T01:00:55Z;4.332333333333334
551;2021-02-27T00:00:55Z;4.812499999999998
552;2021-02-26T23:00:55Z;5.131999999999999
553;2021-02-26T22:00:55Z;6.286
554;2021-02-26T21:00:55Z;7.290666666666662
555;2021-02-26T20:00:55Z;7.624499999999999
556;2021-02-26T19:00:55Z;7.738666666666665
557;2021-02-26T18:00:55Z;7.908
558;2021-02-26T17:00:55Z;7.788166666666668
559;2021-02-26T16:00:53Z;8.321333333333333
560;2021-02-26T15:00:53Z;9.41
561;2021-02-26T14:00:53Z;9.570833333333335
562;2021-02-26T13:00:53Z;9.560833333333333
563;2021-02-26T12:00:53Z;9.463666666666674
564;2021-02-26T11:00:53Z;7.147166666666666
565;2021-02-26T10:00:53Z;5.365666666666668
566;2021-02-26T09:00:06Z;3.683499999999999
567;2021-02-26T08:00:06Z;2.375833333333334
568;2021-02-26T07:00:06Z;1.0351666666666668
569;2021-02-26T06:00:06Z;0.5496666666666669
570;2021-02-26T05:00:06Z;0.6265000000000001
571;2021-02-26T04:00:06Z;0.8973333333333329
572;2021-02-26T03:00:06Z;1.0211666666666661
573;2021-02-26T02:00:39Z;1.2591666666666665
574;2021-02-26T01:00:39Z;1.4924999999999995
575;2021-02-26T00:00:39Z;1.841000000000001
576;2021-02-25T23:00:39Z;2.4083333333333328
577;2021-02-25T22:00:39Z;2.662
578;2021-02-25T21:00:39Z;3.0898333333333334
579;2021-02-25T20:00:39Z;3.604500000000001
580;2021-02-25T19:00:39Z;4.3469999999999995
581;2021-02-25T18:00:39Z;5.077333333333335
582;2021-02-25T17:00:39Z;6.6336666666666675
583;2021-02-25T16:00:39Z;8.118499999999996
584;2021-02-25T15:00:39Z;9.358
585;2021-02-25T14:00:39Z;9.1755
586;2021-02-25T13:00:39Z;8.6285
587;2021-02-25T12:00:39Z;8.413333333333332
588;2021-02-25T11:00:39Z;6.906166666666666
589;2021-02-25T10:00:39Z;4.765833333333333
590;2021-02-25T09:00:39Z;3.5006666666666653
591;2021-02-25T08:00:39Z;2.3786666666666667
592;2021-02-25T07:00:39Z;1.0498333333333336
593;2021-02-25T06:00:39Z;0.5546666666666666
594;2021-02-25T05:00:39Z;0.2665
595;2021-02-25T04:00:39Z;0.7361666666666669
596;2021-02-25T03:00:39Z;0.7306666666666667
597;2021-02-25T02:00:39Z;0.8704999999999999
598;2021-02-25T01:00:39Z;1.1059999999999997
599;2021-02-25T00:00:39Z;1.4731666666666665
600;2021-02-24T23:00:39Z;1.9783333333333326
601;2021-02-24T22:00:39Z;2.5851666666666673
602;2021-02-24T21:00:39Z;3.398833333333334
603;2021-02-24T20:00:39Z;4.304166666666666
604;2021-02-24T19:00:38Z;5.016333333333334
605;2021-02-24T18:00:38Z;5.816666666666666
606;2021-02-24T17:00:38Z;6.7105
607;2021-02-24T16:00:38Z;7.768166666666667
608;2021-02-24T15:00:38Z;8.920166666666667
609;2021-02-24T14:00:38Z;8.940166666666673
610;2021-02-24T13:00:38Z;8.824745762711865
611;2021-02-24T12:00:38Z;8.229000000000001
612;2021-02-24T11:00:38Z;6.801166666666665
613;2021-02-24T10:00:38Z;5.649166666666669
614;2021-02-24T09:00:38Z;4.149333333333334
615;2021-02-24T08:00:38Z;2.3801666666666663
616;2021-02-24T07:00:38Z;1.0913333333333335
617;2021-02-24T06:00:38Z;0.48250000000000026
618;2021-02-24T05:00:38Z;0.5269999999999998
619;2021-02-24T04:00:38Z;0.6971666666666666
620;2021-02-24T03:00:38Z;0.8764999999999997
621;2021-02-24T02:00:38Z;1.3089999999999997
622;2021-02-24T01:00:38Z;1.5048333333333332
623;2021-02-24T00:00:38Z;1.8715000000000002
624;2021-02-23T23:00:38Z;2.2545
625;2021-02-23T22:00:38Z;3.1304999999999987
626;2021-02-23T21:00:38Z;3.7768333333333337
627;2021-02-23T20:00:38Z;4.335166666666667
628;2021-02-23T19:00:38Z;4.837166666666667
629;2021-02-23T18:00:38Z;5.569666666666665
630;2021-02-23T17:00:38Z;6.6931666666666665
631;2021-02-23T16:00:38Z;8.171666666666665
632;2021-02-23T15:00:38Z;8.725999999999996
633;2021-02-23T14:00:38Z;9.816166666666668
634;2021-02-23T13:00:38Z;9.922500000000003
635;2021-02-23T12:00:38Z;7.4254999999999995
636;2021-02-23T11:00:38Z;6.794833333333331
637;2021-02-23T10:00:38Z;5.653333333333332
638;2021-02-23T09:00:38Z;3.830666666666667
639;2021-02-23T08:00:38Z;2.2085000000000004
640;2021-02-23T07:00:38Z;0.6828333333333333
641;2021-02-23T06:00:38Z;-0.0725
642;2021-02-23T05:00:38Z;-0.22899999999999995
643;2021-02-23T04:00:38Z;0.048666666666666726
644;2021-02-23T03:00:38Z;0.3869999999999999
645;2021-02-23T02:00:38Z;0.7430000000000004
646;2021-02-23T01:00:38Z;1.0614999999999997
647;2021-02-23T00:00:38Z;1.4734999999999994
648;2021-02-22T23:00:38Z;2.1485
649;2021-02-22T22:00:38Z;2.738666666666666
650;2021-02-22T21:00:38Z;3.054999999999999
651;2021-02-22T20:00:38Z;3.932000000000001
652;2021-02-22T19:00:38Z;4.599999999999999
653;2021-02-22T18:00:38Z;5.795833333333335
654;2021-02-22T17:00:38Z;7.390499999999998
655;2021-02-22T16:00:38Z;8.910833333333331
656;2021-02-22T15:00:38Z;9.97283333333333
657;2021-02-22T14:00:38Z;9.888166666666674
658;2021-02-22T13:00:38Z;8.811166666666667
659;2021-02-22T12:00:38Z;8.039499999999997
660;2021-02-22T11:00:38Z;5.539333333333335
661;2021-02-22T10:00:38Z;3.0883333333333343
662;2021-02-22T09:00:38Z;1.6329999999999998
663;2021-02-22T08:00:38Z;0.2756666666666667
664;2021-02-22T07:00:38Z;-0.9176666666666669
665;2021-02-22T06:00:38Z;-1.2178333333333333
666;2021-02-22T05:00:38Z;-1.132666666666666
667;2021-02-22T04:00:38Z;-0.8468333333333332
668;2021-02-22T03:00:38Z;-0.6211666666666665
669;2021-02-22T02:00:38Z;-0.33116666666666655
670;2021-02-22T01:00:38Z;-0.18033333333333337
671;2021-02-22T00:00:38Z;0.34433333333333327
672;2021-02-21T23:00:38Z;0.7698333333333337
673;2021-02-21T22:00:38Z;1.6723333333333323
674;2021-02-21T21:00:38Z;2.6670000000000007
675;2021-02-21T20:00:38Z;3.1536666666666657
676;2021-02-21T19:00:38Z;3.866333333333333
677;2021-02-21T18:00:38Z;4.9686666666666675
678;2021-02-21T17:00:38Z;6.426833333333332
679;2021-02-21T16:00:38Z;7.952833333333331
680;2021-02-21T15:00:38Z;8.654166666666667
681;2021-02-21T14:00:38Z;7.9238333333333335
682;2021-02-21T13:00:38Z;7.043166666666663
683;2021-02-21T12:00:38Z;5.314666666666667
684;2021-02-21T11:00:36Z;3.7849999999999993
685;2021-02-21T10:00:36Z;2.133833333333333
686;2021-02-21T09:00:36Z;1.1011666666666668
687;2021-02-21T08:00:36Z;-0.4351666666666666
688;2021-02-21T07:00:36Z;-0.965333333333333
689;2021-02-21T06:00:36Z;-1.2473333333333332
690;2021-02-21T05:00:36Z;-1.2103333333333337
691;2021-02-21T04:00:36Z;-0.8599999999999995
692;2021-02-21T03:00:36Z;-0.6944999999999999
693;2021-02-21T02:00:36Z;-0.5293333333333335
694;2021-02-21T01:00:36Z;-0.15150000000000005
695;2021-02-21T00:00:36Z;0.03500000000000005
696;2021-02-20T23:00:36Z;0.5433333333333333
697;2021-02-20T22:00:36Z;1.101833333333333
698;2021-02-20T21:00:36Z;1.8045000000000007
699;2021-02-20T20:00:36Z;2.4811666666666663
700;2021-02-20T19:00:36Z;3.124833333333335
701;2021-02-20T18:00:36Z;4.199333333333333
702;2021-02-20T17:00:36Z;5.514333333333336
703;2021-02-20T16:00:36Z;7.2959999999999985
704;2021-02-20T15:00:36Z;7.632666666666665
705;2021-02-20T14:00:36Z;6.929500000000001
706;2021-02-20T13:00:36Z;5.972000000000002
707;2021-02-20T12:00:36Z;5.814500000000003
708;2021-02-20T11:00:36Z;4.882333333333333
709;2021-02-20T10:00:36Z;3.2466666666666666
710;2021-02-20T09:00:36Z;1.7161666666666668
711;2021-02-20T08:00:36Z;0.6171666666666666
712;2021-02-20T07:00:34Z;-0.08366666666666664
713;2021-02-20T06:00:34Z;-0.3956666666666665
714;2021-02-20T05:00:34Z;-0.2005
715;2021-02-20T04:00:34Z;-0.07050000000000002
716;2021-02-20T03:00:34Z;0.5545000000000002
717;2021-02-20T02:00:59Z;0.31483333333333324
718;2021-02-20T01:00:59Z;0.6525000000000002
719;2021-02-20T00:00:59Z;1.0046666666666666
720;2021-02-19T23:00:59Z;1.304
721;2021-02-19T22:00:59Z;1.6868333333333332
722;2021-02-19T21:00:59Z;2.2404999999999995
723;2021-02-19T20:00:59Z;3.0851666666666664
724;2021-02-19T19:00:59Z;3.855166666666666
725;2021-02-19T18:00:59Z;4.968500000000001
726;2021-02-19T17:00:59Z;6.078500000000001
727;2021-02-19T16:00:59Z;7.562999999999998
728;2021-02-19T15:00:59Z;8.491666666666665
729;2021-02-19T14:00:59Z;8.58433333333333
730;2021-02-19T13:00:59Z;8.398000000000001
731;2021-02-19T12:00:59Z;8.869499999999999
732;2021-02-19T11:00:58Z;8.087
733;2021-02-19T10:00:58Z;7.521666666666664
734;2021-02-19T09:00:58Z;6.097166666666666
735;2021-02-19T08:00:58Z;4.554333333333334
736;2021-02-19T07:00:58Z;3.8969999999999985
737;2021-02-19T06:00:58Z;3.9793333333333343
738;2021-02-19T05:00:58Z;3.726333333333331
739;2021-02-19T04:00:58Z;3.63583333333333
740;2021-02-19T03:00:58Z;3.8001666666666667
741;2021-02-19T02:00:58Z;3.9088333333333316
742;2021-02-19T01:00:58Z;3.5236666666666663
743;2021-02-19T00:00:58Z;3.0478333333333336
744;2021-02-18T23:00:56Z;2.7935000000000003
745;2021-02-18T22:00:56Z;2.439333333333333
746;2021-02-18T21:00:56Z;2.103
747;2021-02-18T20:00:56Z;1.8738333333333324
748;2021-02-18T19:00:56Z;2.295
749;2021-02-18T18:00:56Z;2.9971666666666663
750;2021-02-18T17:00:56Z;3.325
751;2021-02-18T16:00:56Z;4.133
752;2021-02-18T15:00:56Z;5.6563333333333325
753;2021-02-18T14:00:56Z;6.279661016949156
754;2021-02-18T13:00:56Z;4.859666666666667
755;2021-02-18T12:00:56Z;3.6685000000000016
756;2021-02-18T11:00:56Z;2.6936666666666667
757;2021-02-18T10:00:56Z;2.234666666666666
758;2021-02-18T09:00:56Z;0.9516949152542374
759;2021-02-18T08:00:56Z;-0.19754385964912283
760;2021-02-18T07:00:56Z;-1.1184999999999994
761;2021-02-18T06:00:56Z;-1.5158333333333334
762;2021-02-18T05:00:56Z;-1.7825
763;2021-02-18T04:00:56Z;-2.1400000000000006
764;2021-02-18T03:00:56Z;-2.016166666666666
765;2021-02-18T02:00:56Z;-1.504333333333334
766;2021-02-18T01:00:56Z;-1.2719999999999996
767;2021-02-18T00:00:56Z;-0.9643333333333332
768;2021-02-17T23:00:56Z;-0.5953333333333336
769;2021-02-17T22:00:56Z;-0.08333333333333331
770;2021-02-17T21:00:56Z;0.655
771;2021-02-17T20:00:56Z;1.4331666666666671
772;2021-02-17T19:00:56Z;2.2858333333333336
773;2021-02-17T18:00:56Z;3.285333333333335
774;2021-02-17T17:00:56Z;4.945666666666668
775;2021-02-17T16:00:56Z;7.094
776;2021-02-17T15:00:56Z;8.108500000000001
777;2021-02-17T14:00:56Z;8.321666666666665
778;2021-02-17T13:00:56Z;9.009333333333334
779;2021-02-17T12:00:56Z;9.015166666666671
780;2021-02-17T11:00:56Z;8.292666666666666
781;2021-02-17T10:00:56Z;6.9575
782;2021-02-17T09:00:56Z;5.833500000000001
783;2021-02-17T08:00:56Z;5.035000000000001
784;2021-02-17T07:00:56Z;4.191833333333333
785;2021-02-17T06:00:56Z;3.7725000000000017
786;2021-02-17T05:00:56Z;4.032833333333333
787;2021-02-17T04:00:56Z;4.445666666666664
788;2021-02-17T03:00:56Z;4.717999999999998
789;2021-02-17T02:00:56Z;4.719166666666665
790;2021-02-17T01:00:56Z;4.560999999999999
791;2021-02-17T00:00:56Z;3.6275
792;2021-02-16T23:00:56Z;1.9448333333333332
793;2021-02-16T22:00:56Z;1.4938333333333342
794;2021-02-16T21:00:56Z;1.0033333333333336
795;2021-02-16T20:00:56Z;0.5976666666666668
796;2021-02-16T19:00:56Z;0.7821666666666671
797;2021-02-16T18:00:56Z;1.8281666666666665
798;2021-02-16T17:00:56Z;3.1766666666666676
799;2021-02-16T16:00:56Z;4.618833333333331
800;2021-02-16T15:00:56Z;5.602999999999999
801;2021-02-16T14:00:56Z;6.077666666666668
802;2021-02-16T13:00:56Z;6.281833333333334
803;2021-02-16T12:00:56Z;5.975333333333334
804;2021-02-16T11:00:56Z;4.44
805;2021-02-16T10:00:56Z;4.482500000000001
806;2021-02-16T09:00:54Z;4.348
807;2021-02-16T08:00:54Z;3.005833333333334
808;2021-02-16T07:00:54Z;2.1293333333333333
809;2021-02-16T06:00:54Z;1.6690000000000003
810;2021-02-16T05:00:54Z;1.549833333333333
811;2021-02-16T04:00:54Z;1.5911666666666662
812;2021-02-16T03:00:54Z;2.3974999999999995
813;2021-02-16T02:00:00Z;1.8285000000000002
814;2021-02-16T01:00:00Z;1.8106666666666673
815;2021-02-16T00:00:00Z;1.9118333333333348
816;2021-02-15T23:00:00Z;1.5604999999999998
817;2021-02-15T22:00:00Z;1.2645000000000002
818;2021-02-15T21:00:00Z;-0.07366666666666667
819;2021-02-15T20:00:00Z;-0.03900000000000001
820;2021-02-15T19:00:00Z;-0.1555
821;2021-02-15T18:00:00Z;-0.5361666666666666
822;2021-02-15T17:00:00Z;-0.8655
823;2021-02-15T16:00:00Z;-0.37016666666666664
824;2021-02-15T15:00:00Z;0.6776666666666668
825;2021-02-15T14:00:00Z;1.1898333333333337
826;2021-02-15T13:00:00Z;0.8266666666666667
827;2021-02-15T12:00:00Z;-0.048000000000000015
828;2021-02-15T11:00:00Z;-1.1156666666666661
829;2021-02-15T10:00:00Z;-1.6230000000000007
830;2021-02-15T09:00:00Z;-2.8375000000000004
831;2021-02-15T08:00:00Z;-4.378500000000002
832;2021-02-15T07:00:00Z;-6.014833333333332
833;2021-02-15T06:00:00Z;-6.903999999999997
834;2021-02-15T05:00:00Z;-7.422166666666668
835;2021-02-15T04:00:00Z;-7.039166666666666
836;2021-02-15T03:00:00Z;-6.781666666666666
837;2021-02-15T02:00:00Z;-6.191333333333333
838;2021-02-15T01:00:00Z;-5.193666666666669
839;2021-02-15T00:00:00Z;-4.988833333333333
840;2021-02-14T23:00:00Z;-5.1131666666666655
841;2021-02-14T22:00:00Z;-5.876333333333334
842;2021-02-14T21:00:00Z;-6.2254999999999985
843;2021-02-14T20:00:00Z;-6.165666666666666
844;2021-02-14T19:00:00Z;-5.404500000000002
845;2021-02-14T18:00:00Z;-5.148499999999998
846;2021-02-14T17:00:00Z;-4.569000000000001
847;2021-02-14T16:00:00Z;-2.9998333333333336
848;2021-02-14T15:00:00Z;-1.594999999999999
849;2021-02-14T14:00:00Z;-1.393333333333334
850;2021-02-14T13:00:00Z;-1.9405000000000006
851;2021-02-14T12:00:00Z;-2.7558333333333334
852;2021-02-14T11:00:00Z;-3.9475
853;2021-02-14T10:00:00Z;-5.018499999999999
854;2021-02-14T09:00:00Z;-6.110833333333335
855;2021-02-14T08:00:00Z;-7.869833333333333
856;2021-02-14T07:00:00Z;-8.778666666666664
857;2021-02-14T06:00:00Z;-8.725166666666665
858;2021-02-14T05:00:00Z;-8.568333333333332
859;2021-02-14T04:00:00Z;-8.520666666666667
860;2021-02-14T03:00:00Z;-8.431500000000002
861;2021-02-14T02:00:00Z;-8.275499999999997
862;2021-02-14T01:00:00Z;-8.176
863;2021-02-14T00:00:00Z;-7.978166666666666
864;2021-02-13T23:00:59Z;-7.802542372881355
865;2021-02-13T22:00:59Z;-7.764833333333333
866;2021-02-13T21:00:59Z;-7.5409999999999995
867;2021-02-13T20:00:59Z;-7.241333333333331
868;2021-02-13T19:00:59Z;-6.9698333333333355
869;2021-02-13T18:00:59Z;-6.813000000000001
870;2021-02-13T17:00:59Z;-6.313500000000001
871;2021-02-13T16:00:59Z;-5.523333333333331
872;2021-02-13T15:00:59Z;-5.0595
873;2021-02-13T14:00:59Z;-5.129333333333333
874;2021-02-13T13:00:59Z;-5.495833333333333
875;2021-02-13T12:00:59Z;-6.017166666666667
876;2021-02-13T11:00:59Z;-6.889333333333331
877;2021-02-13T10:00:59Z;-7.609499999999998
878;2021-02-13T09:00:59Z;-8.786833333333332
879;2021-02-13T08:00:59Z;-9.979499999999998
880;2021-02-13T07:00:59Z;-10.688
881;2021-02-13T06:00:59Z;-10.851499999999998
882;2021-02-13T05:00:59Z;-10.68833333333333
883;2021-02-13T04:00:59Z;-10.497499999999999
884;2021-02-13T03:00:59Z;-10.31466666666667
885;2021-02-13T02:00:59Z;-10.12683333333334
886;2021-02-13T01:00:59Z;-9.761333333333335
887;2021-02-13T00:00:59Z;-9.246000000000004
888;2021-02-12T23:00:59Z;-8.916499999999994
889;2021-02-12T22:00:59Z;-8.4855
890;2021-02-12T21:00:59Z;-8.130999999999997
891;2021-02-12T20:00:59Z;-7.9525
892;2021-02-12T19:00:59Z;-7.788833333333331
893;2021-02-12T18:00:59Z;-7.360833333333334
894;2021-02-12T17:00:59Z;-6.95733333333333
895;2021-02-12T16:00:59Z;-6.218999999999999
896;2021-02-12T15:00:59Z;-5.335333333333335
897;2021-02-12T14:00:59Z;-5.0754999999999955
898;2021-02-12T13:00:59Z;-5.341833333333336
899;2021-02-12T12:00:59Z;-5.811833333333332
900;2021-02-12T11:00:59Z;-6.260169491525425
901;2021-02-12T10:00:59Z;-7.2935
902;2021-02-12T09:00:59Z;-8.231000000000002
903;2021-02-12T08:00:59Z;-9.011
904;2021-02-12T07:00:59Z;-9.611833333333339
905;2021-02-12T06:00:59Z;-9.975333333333332
906;2021-02-12T05:00:59Z;-9.856666666666671
907;2021-02-12T04:00:59Z;-9.523833333333338
908;2021-02-12T03:00:59Z;-9.379999999999999
909;2021-02-12T02:00:59Z;-9.31316666666667
910;2021-02-12T01:00:59Z;-9.149166666666668
911;2021-02-12T00:00:59Z;-9.11883333333333
912;2021-02-11T23:00:59Z;-8.863666666666667
913;2021-02-11T22:00:59Z;-8.662333333333331
914;2021-02-11T21:00:59Z;-8.584499999999997
915;2021-02-11T20:00:59Z;-8.295166666666667
916;2021-02-11T19:00:59Z;-7.997500000000001
917;2021-02-11T18:00:59Z;-7.673500000000002
918;2021-02-11T17:00:59Z;-7.235833333333333
919;2021-02-11T16:00:59Z;-6.482500000000002
920;2021-02-11T15:00:59Z;-5.955499999999998
921;2021-02-11T14:00:59Z;-5.9515
922;2021-02-11T13:00:59Z;-6.370166666666666
923;2021-02-11T12:00:59Z;-6.541666666666667
924;2021-02-11T11:00:59Z;-7.314000000000001
925;2021-02-11T10:00:59Z;-7.946666666666669
926;2021-02-11T09:00:59Z;-8.5255
927;2021-02-11T08:00:59Z;-8.589833333333335
928;2021-02-11T07:00:59Z;-9.031500000000001
929;2021-02-11T06:00:59Z;-9.029833333333332
930;2021-02-11T05:00:59Z;-8.396833333333337
931;2021-02-11T04:00:59Z;-7.786333333333331
932;2021-02-11T03:00:59Z;-7.8485
933;2021-02-11T02:00:59Z;-7.904000000000001
934;2021-02-11T01:00:59Z;-7.6450000000000005
935;2021-02-11T00:00:59Z;-7.624833333333336
936;2021-02-10T23:00:59Z;-7.583833333333335
937;2021-02-10T22:00:59Z;-6.987166666666666
938;2021-02-10T21:00:59Z;-6.186166666666666
939;2021-02-10T20:00:59Z;-5.880833333333334
940;2021-02-10T19:00:59Z;-5.251999999999999
941;2021-02-10T18:00:59Z;-4.095666666666667
942;2021-02-10T17:00:59Z;-2.759
943;2021-02-10T16:00:59Z;-1.6725862068965518
944;2021-02-10T15:00:59Z;-0.8935
945;2021-02-10T14:00:59Z;0.36716666666666675
946;2021-02-10T13:00:59Z;0.8436666666666661
947;2021-02-10T12:00:59Z;0.6261666666666665
948;2021-02-10T11:00:59Z;0.3670000000000001
949;2021-02-10T10:00:59Z;0.026833333333333313
950;2021-02-10T09:00:59Z;-0.28383333333333316
951;2021-02-10T08:00:59Z;-0.6910000000000005
952;2021-02-10T07:00:59Z;-0.9823333333333331
953;2021-02-10T06:00:59Z;-0.9926666666666664
954;2021-02-10T05:00:59Z;-0.7548333333333329
955;2021-02-10T04:00:59Z;-0.3378333333333333
956;2021-02-10T03:00:59Z;0.5711666666666666
957;2021-02-10T02:00:21Z;-0.5389999999999997
958;2021-02-10T01:00:21Z;-0.7065000000000003
959;2021-02-10T00:00:21Z;-0.4158333333333333
960;2021-02-09T23:00:21Z;-0.11050000000000003
961;2021-02-09T22:00:21Z;0.02150000000000001
962;2021-02-09T21:00:21Z;0.18983333333333338
963;2021-02-09T20:00:21Z;0.43399999999999994
964;2021-02-09T19:00:21Z;0.4478333333333336
965;2021-02-09T18:00:21Z;0.37816666666666693
966;2021-02-09T17:00:21Z;0.2943333333333334
967;2021-02-09T16:00:21Z;0.4316666666666666
968;2021-02-09T15:00:21Z;0.8983333333333333
969;2021-02-09T14:00:21Z;1.841
970;2021-02-09T13:00:21Z;2.092166666666667
971;2021-02-09T12:00:21Z;1.8586666666666665
972;2021-02-09T11:00:21Z;1.3739999999999997
973;2021-02-09T10:00:21Z;0.677
974;2021-02-09T09:00:21Z;-0.22233333333333333
975;2021-02-09T08:00:21Z;-0.8660000000000001
976;2021-02-09T07:00:21Z;-1.0639999999999996
977;2021-02-09T06:00:21Z;-1.182500000000001
978;2021-02-09T05:00:21Z;-1.1741666666666675
979;2021-02-09T04:00:21Z;-1.0121666666666664
980;2021-02-09T03:00:21Z;-0.402
981;2021-02-09T02:00:21Z;-0.025833333333333337
982;2021-02-09T01:00:21Z;-0.08449999999999996
983;2021-02-09T00:00:21Z;-0.19833333333333325
984;2021-02-08T23:00:21Z;-0.30950000000000005
985;2021-02-08T22:00:21Z;-0.43000000000000005
986;2021-02-08T21:00:21Z;-0.5613333333333332
987;2021-02-08T20:00:21Z;-0.5340000000000001
988;2021-02-08T19:00:21Z;-0.19550000000000006
989;2021-02-08T18:00:21Z;0.6370000000000001
990;2021-02-08T17:00:21Z;1.2828333333333333
991;2021-02-08T16:00:21Z;1.868666666666668
992;2021-02-08T15:00:21Z;2.660333333333334
993;2021-02-08T14:00:21Z;3.5645
994;2021-02-08T13:00:21Z;4.79
995;2021-02-08T12:00:21Z;5.2678333333333365
996;2021-02-08T11:00:21Z;4.720333333333333
997;2021-02-08T10:00:21Z;4.4063333333333325
998;2021-02-08T09:00:21Z;3.287333333333333
999;2021-02-08T08:00:21Z;1.8704999999999998
1000;2021-02-08T07:00:21Z;1.0753333333333335
1001;2021-02-08T06:00:21Z;0.9296666666666663
1002;2021-02-08T05:00:21Z;0.990666666666666
1003;2021-02-08T04:00:21Z;1.0875000000000001
1004;2021-02-08T03:00:21Z;1.1618333333333333
1005;2021-02-08T02:00:21Z;1.1766666666666663
1006;2021-02-08T01:00:21Z;1.3803333333333332
1007;2021-02-08T00:00:21Z;1.5256666666666665
1008;2021-02-07T23:00:21Z;1.6060000000000005
1009;2021-02-07T22:00:21Z;1.534666666666667
1010;2021-02-07T21:00:21Z;1.477166666666666
1011;2021-02-07T20:00:21Z;1.3625
1012;2021-02-07T19:00:21Z;1.3136666666666665
1013;2021-02-07T18:00:21Z;1.6771666666666667
1014;2021-02-07T17:00:21Z;2.428
1015;2021-02-07T16:00:21Z;3.1363333333333334
1016;2021-02-07T15:00:21Z;3.6475
1017;2021-02-07T14:00:21Z;4.270000000000001
1018;2021-02-07T13:00:21Z;4.325333333333331
1019;2021-02-07T12:00:21Z;4.3728333333333325
1020;2021-02-07T11:00:21Z;4.086500000000002
1021;2021-02-07T10:00:21Z;4.079666666666667
1022;2021-02-07T09:00:21Z;3.9341666666666644
1023;2021-02-07T08:00:21Z;3.6646666666666663
1024;2021-02-07T07:00:21Z;3.1526666666666663
1025;2021-02-07T06:00:21Z;2.672333333333333
1026;2021-02-07T05:00:21Z;2.3983333333333343
1027;2021-02-07T04:00:21Z;2.575166666666667
1028;2021-02-07T03:00:21Z;2.762666666666667
1029;2021-02-07T02:00:21Z;2.576666666666667
1030;2021-02-07T01:00:21Z;2.6853333333333365
1031;2021-02-07T00:00:21Z;3.0951666666666653
1032;2021-02-06T23:00:21Z;3.6264999999999996
1033;2021-02-06T22:00:21Z;3.3091666666666666
1034;2021-02-06T21:00:21Z;3.004500000000002
1035;2021-02-06T20:00:21Z;3.1693333333333342
1036;2021-02-06T19:00:21Z;3.5076666666666663
1037;2021-02-06T18:00:21Z;4.090666666666667
1038;2021-02-06T17:00:21Z;4.635999999999998
1039;2021-02-06T16:00:21Z;5.396166666666665
1040;2021-02-06T15:00:21Z;5.912833333333334
1041;2021-02-06T14:00:21Z;6.4891666666666685
1042;2021-02-06T13:00:21Z;6.861666666666667
1043;2021-02-06T12:00:21Z;6.2748333333333335
1044;2021-02-06T11:00:21Z;6.132500000000001
1045;2021-02-06T10:00:21Z;5.927166666666667
1046;2021-02-06T09:00:21Z;5.106833333333335
1047;2021-02-06T08:00:21Z;3.8241666666666654
1048;2021-02-06T07:00:21Z;3.279166666666667
1049;2021-02-06T06:00:21Z;2.8914999999999993
1050;2021-02-06T05:00:21Z;2.774
1051;2021-02-06T04:00:21Z;2.6371666666666673
1052;2021-02-06T03:00:21Z;2.432666666666667
1053;2021-02-06T02:00:21Z;2.6975000000000025
1054;2021-02-06T01:00:21Z;2.9746666666666637
1055;2021-02-06T00:00:21Z;3.4793333333333325
1056;2021-02-05T23:00:21Z;3.5098333333333316
1057;2021-02-05T22:00:21Z;3.738166666666667
1058;2021-02-05T21:00:21Z;4.478499999999999
1059;2021-02-05T20:00:21Z;5.255499999999997
1060;2021-02-05T19:00:21Z;5.8918333333333335
1061;2021-02-05T18:00:21Z;6.4464999999999995
1062;2021-02-05T17:00:21Z;6.752166666666668
1063;2021-02-05T16:00:21Z;7.156166666666672
1064;2021-02-05T15:00:21Z;7.734166666666668
1065;2021-02-05T14:00:21Z;7.614166666666666
1066;2021-02-05T13:00:21Z;7.1901666666666655
1067;2021-02-05T12:00:21Z;6.463666666666667
1068;2021-02-05T11:00:21Z;6.170500000000002
1069;2021-02-05T10:00:21Z;5.946333333333334
1070;2021-02-05T09:00:21Z;4.788499999999999
1071;2021-02-05T08:00:21Z;3.503166666666665
1072;2021-02-05T07:00:21Z;2.354833333333333
1073;2021-02-05T06:00:04Z;2.0571666666666664
1074;2021-02-05T05:00:04Z;2.035333333333333
1075;2021-02-05T04:00:04Z;2.3465
1076;2021-02-05T03:00:04Z;2.3514999999999997
1077;2021-02-05T02:00:46Z;2.563559322033898
1078;2021-02-05T01:00:46Z;2.860333333333332
1079;2021-02-05T00:00:46Z;3.3658333333333332
1080;2021-02-04T23:00:46Z;3.964166666666666
1081;2021-02-04T22:00:46Z;4.7145
1082;2021-02-04T21:00:46Z;4.676666666666666
1083;2021-02-04T20:00:46Z;4.799833333333334
1084;2021-02-04T19:00:46Z;5.249666666666666
1085;2021-02-04T18:00:46Z;5.409000000000003
1086;2021-02-04T17:00:46Z;6.208166666666668
1087;2021-02-04T16:00:46Z;6.8285
1088;2021-02-04T15:00:46Z;7.489833333333333
1089;2021-02-04T14:00:46Z;8.261333333333337
1090;2021-02-04T13:00:46Z;8.216666666666663
1091;2021-02-04T12:00:46Z;7.6446666666666685
1092;2021-02-04T11:00:46Z;7.4685
1093;2021-02-04T10:00:46Z;6.522833333333329
1094;2021-02-04T09:00:46Z;5.022166666666666
1095;2021-02-04T08:00:46Z;3.5913333333333326
1096;2021-02-04T07:00:46Z;3.1471666666666667
1097;2021-02-04T06:00:46Z;3.4353333333333333
1098;2021-02-04T05:00:46Z;3.3240000000000007
1099;2021-02-04T04:00:46Z;3.7723333333333327
1100;2021-02-04T03:00:46Z;4.275833333333334
1101;2021-02-04T02:00:46Z;4.833666666666667
1102;2021-02-04T01:00:46Z;5.638499999999998
1103;2021-02-04T00:00:46Z;6.329000000000003
1104;2021-02-03T23:00:46Z;7.144666666666668
1105;2021-02-03T22:00:46Z;7.227833333333333
1106;2021-02-03T21:00:46Z;6.8275
1107;2021-02-03T20:00:46Z;6.3615
1108;2021-02-03T19:00:46Z;6.444
1109;2021-02-03T18:00:46Z;6.136333333333335
1110;2021-02-03T17:00:46Z;6.006499999999999
1111;2021-02-03T16:00:46Z;5.984166666666667
1112;2021-02-03T15:00:46Z;6.252833333333333
1113;2021-02-03T14:00:46Z;6.974333333333337
1114;2021-02-03T13:00:46Z;8.469666666666667
1115;2021-02-03T12:00:46Z;7.544833333333335
1116;2021-02-03T11:00:46Z;5.748499999999998
1117;2021-02-03T10:00:46Z;5.093166666666666
1118;2021-02-03T09:00:46Z;5.1575
1119;2021-02-03T08:00:46Z;5.785166666666666
1120;2021-02-03T07:00:46Z;5.458166666666669
1121;2021-02-03T06:00:46Z;5.825333333333332
1122;2021-02-03T05:00:46Z;7.532833333333332
1123;2021-02-03T04:00:46Z;8.115499999999999
1124;2021-02-03T03:00:46Z;8.089833333333337
1125;2021-02-03T02:00:46Z;7.965833333333334
1126;2021-02-03T01:00:46Z;7.9321666666666655
1127;2021-02-03T00:00:46Z;8.104499999999996
1128;2021-02-02T23:00:46Z;8.484000000000002
1129;2021-02-02T22:00:46Z;8.727500000000004
1130;2021-02-02T21:00:46Z;8.748000000000001
1131;2021-02-02T20:00:46Z;8.403666666666666
1132;2021-02-02T19:00:46Z;8.14616666666667
1133;2021-02-02T18:00:46Z;8.14983050847458
1134;2021-02-02T17:00:46Z;8.071166666666665
1135;2021-02-02T16:00:46Z;8.743666666666668
1136;2021-02-02T15:01:46Z;13.506440677966102
1137;2021-02-02T14:59:46Z;18.75
